Model,Accuracy,Precision,Recall,F1-Score
Random Forest,0.715,0.36666666666666664,0.22448979591836735,0.27848101265822783
XGBoost,0.715,0.375,0.24489795918367346,0.2962962962962963
Support Vector Machine,0.63,0.3626373626373626,0.673469387755102,0.4714285714285714
Decision Tree,0.625,0.2833333333333333,0.3469387755102041,0.3119266055045872
AdaBoost,0.605,0.32142857142857145,0.5510204081632653,0.40601503759398494
Logistic Regression,0.595,0.3048780487804878,0.5102040816326531,0.3816793893129771
Naive Bayes,0.53,0.26804123711340205,0.5306122448979592,0.3561643835616438
